Search Term,Visits
pirates of the caribbean svg,18
pirates of the carribean svg,4
pirates of the caribbean png,4
pirate svg,4
disney pirates svg,3
pooh bear honey pot clipart,3
pirates of the caribbean,3
stencil of oz,3
pirates of the carribean,3
pirate shirt svg,2
disney pirates if the caribbean svg,2
the resistance is female,2
orca svg,2
please stand clear of the doors graphic,2
seabrook high,2
disney pirate svg,2
mary poppins penguin png,2
time zone worksheet,2
jack sparrow svg,2
descendants red symbols svg,2
pirates svg,2
dead men tell no tales svg,2
decendants 4 svg images,2
orca png,2
pirates of the carribean transfers,2
seabrook clipart,2
madame leota logo,2
chef remy silhouette,2
descendants 3 images,2
pirate dad svg,1
a woman's place is inthe resistance,1
tangled tshirt svg,1
wood honey jar svg laser cut file,1
jack sparrow,1
yo ho yo ho pirates life for me,1
descendants clipart,1
canoe clipart silhouette,1
mens disney png files,1
octupus tenticles svg,1
cinderella svg if the shoe fits,1
descendents cards png,1
wizard of oz torando wall sticker,1
honey pot cli[art,1
pirate of the caribbean svg,1
descendants digital background,1
mal descendants svg,1
descendants patches for bags,1
rapunzel svg,1
sailing ship cut coin,1
cinderlla silhouette,1
snow white magic mirror svg,1
svg music staff,1
disney enchanted rose terrarium,1
descendants rise of red svg,1
image on the back squid,1
california disney pirates of the carribean svg,1
bridget descendants,1
pirate theme pre k shirts,1
digital download pirates of the caribbean svg png,1
pirate svg png pdf,1
